annotation_id	type	meta	char_range
1	gap	{"reason": "unintelligible"}	[38,39)
2	pause	{}	[113,114)
3	pause	{}	[135,136)
4	pause	{}	[153,154)
5	pause	{}	[211,212)
6	pause	{}	[263,264)
7	pause	{}	[273,274)
8	pause	{}	[308,309)
9	pause	{}	[385,386)
10	pause	{}	[483,484)
11	pause	{}	[529,530)
12	pause	{}	[736,737)
13	pause	{}	[811,812)
14	pause	{}	[845,846)
15	pause	{}	[860,861)
16	pause	{}	[927,928)
17	pause	{}	[1051,1052)
18	pause	{}	[1083,1084)
19	pause	{}	[1123,1124)
20	pause	{}	[1217,1218)
21	pause	{}	[1296,1297)
22	pause	{}	[1373,1374)
23	pause	{}	[1470,1471)
24	gap	{"reason": "unintelligible"}	[1487,1488)
25	pause	{}	[1509,1510)
26	pause	{}	[1524,1525)
27	pause	{}	[1545,1546)
28	pause	{}	[1579,1580)
29	gap	{"reason": "unintelligible"}	[1580,1581)
30	pause	{}	[1624,1625)
31	pause	{}	[1632,1633)
32	pause	{}	[1700,1701)
33	pause	{}	[1738,1739)
34	pause	{}	[1895,1896)
35	pause	{}	[2101,2102)
36	pause	{}	[2308,2309)
37	pause	{}	[2352,2353)
38	pause	{}	[2585,2586)
39	pause	{}	[2780,2781)
40	pause	{}	[2997,2998)
41	pause	{}	[3115,3116)
42	pause	{}	[3181,3182)
43	pause	{}	[3334,3335)
44	pause	{}	[3396,3397)
45	pause	{}	[3444,3445)
46	pause	{}	[3536,3537)
47	pause	{}	[3561,3562)
48	pause	{}	[3593,3594)
49	pause	{}	[3642,3643)
50	pause	{}	[3680,3681)
51	gap	{"reason": "unintelligible"}	[3681,3682)
52	pause	{}	[3736,3737)
53	pause	{}	[3776,3777)
54	pause	{}	[3785,3786)
55	pause	{}	[3927,3928)
56	pause	{}	[4102,4103)
57	pause	{}	[4132,4133)
58	pause	{}	[4203,4204)
59	pause	{}	[4213,4214)
60	pause	{}	[4224,4225)
61	pause	{}	[4267,4268)
62	pause	{}	[4302,4303)
63	pause	{}	[4361,4362)
64	pause	{}	[4392,4393)
65	pause	{}	[4601,4602)
66	gap	{"reason": "unintelligible"}	[4617,4618)
67	pause	{}	[4678,4679)
68	pause	{}	[4696,4697)
69	pause	{}	[4731,4732)
70	pause	{}	[4819,4820)
71	gap	{"reason": "unintelligible"}	[4832,4833)
72	pause	{}	[5049,5050)
73	pause	{}	[5318,5319)
74	pause	{}	[5374,5375)
75	pause	{}	[5381,5382)
76	pause	{}	[5714,5715)
77	pause	{}	[5766,5767)
78	gap	{"reason": "unintelligible"}	[5779,5780)
79	pause	{}	[5791,5792)
80	pause	{}	[6084,6085)
81	pause	{}	[6123,6124)
82	pause	{}	[6191,6192)
83	pause	{}	[6227,6228)
84	pause	{}	[6468,6469)
85	pause	{}	[6553,6554)
86	pause	{}	[6653,6654)
87	gap	{"reason": "unintelligible"}	[6729,6730)
88	pause	{}	[6942,6943)
89	gap	{"reason": "unintelligible"}	[6943,6944)
90	pause	{}	[6995,6996)
91	pause	{}	[7045,7046)
92	pause	{}	[7079,7080)
93	pause	{}	[7252,7253)
94	pause	{}	[7314,7315)
95	gap	{"reason": "unintelligible"}	[7535,7536)
96	pause	{}	[7597,7598)
97	pause	{}	[7640,7641)
98	pause	{}	[8085,8086)
99	pause	{}	[8177,8178)
100	pause	{}	[8238,8239)
101	pause	{}	[8264,8265)
102	pause	{}	[8922,8923)
103	pause	{}	[9085,9086)
104	pause	{}	[9130,9131)
105	pause	{}	[9180,9181)
106	gap	{"reason": "unintelligible"}	[9274,9275)
107	pause	{}	[9668,9669)
108	pause	{}	[9749,9750)
109	pause	{}	[9860,9861)
110	pause	{}	[9900,9901)
111	pause	{}	[9918,9919)
112	pause	{}	[9984,9985)
113	pause	{}	[10147,10148)
114	pause	{}	[10275,10276)
115	pause	{}	[10506,10507)
116	gap	{"reason": "unintelligible"}	[10597,10598)
117	gap	{"reason": "unintelligible"}	[10669,10670)
118	pause	{}	[10754,10755)
119	pause	{}	[10793,10794)
120	pause	{}	[11090,11091)
121	pause	{}	[11140,11141)
122	pause	{}	[11315,11316)
123	gap	{"reason": "unintelligible"}	[11316,11317)
124	pause	{}	[11338,11339)
125	pause	{}	[11605,11606)
126	pause	{}	[11702,11703)
127	gap	{"reason": "unintelligible"}	[11746,11747)
128	pause	{}	[11853,11854)
129	pause	{}	[12156,12157)
130	gap	{"reason": "unintelligible"}	[12578,12579)
131	gap	{"reason": "unintelligible"}	[12616,12617)
132	pause	{}	[12635,12636)
133	pause	{}	[12666,12667)
134	pause	{}	[12802,12803)
135	pause	{}	[12808,12809)
136	pause	{}	[12834,12835)
137	gap	{"reason": "unintelligible"}	[12865,12866)
138	pause	{}	[12897,12898)
139	pause	{}	[13083,13084)
140	pause	{}	[13141,13142)
141	pause	{}	[13222,13223)
142	pause	{}	[13473,13474)
143	pause	{}	[13615,13616)
144	pause	{}	[13835,13836)
145	pause	{}	[13968,13969)
146	gap	{"reason": "unintelligible"}	[14127,14128)
147	pause	{}	[14280,14281)
148	pause	{}	[14311,14312)
149	pause	{}	[14347,14348)
150	pause	{}	[14444,14445)
151	gap	{"reason": "unintelligible"}	[14497,14498)
152	gap	{"reason": "unintelligible"}	[14608,14609)
153	gap	{"reason": "unintelligible"}	[14700,14701)
154	pause	{}	[14896,14897)
155	pause	{}	[14925,14926)
156	pause	{}	[15047,15048)
157	pause	{}	[15056,15057)
158	pause	{}	[15103,15104)
159	pause	{}	[15431,15432)
160	pause	{}	[15575,15576)
161	pause	{}	[15764,15765)
162	pause	{}	[15821,15822)
163	pause	{}	[15828,15829)
164	pause	{}	[15844,15845)
165	pause	{}	[15857,15858)
166	pause	{}	[15867,15868)
167	pause	{}	[15964,15965)
168	pause	{}	[16084,16085)
169	pause	{}	[16273,16274)
170	pause	{}	[16298,16299)
171	pause	{}	[16304,16305)
172	pause	{}	[16312,16313)
173	pause	{}	[16320,16321)
174	pause	{}	[16378,16379)
175	pause	{}	[16464,16465)
176	pause	{}	[16617,16618)
177	pause	{}	[16805,16806)
178	pause	{}	[16860,16861)
179	pause	{}	[16894,16895)
180	gap	{"reason": "unintelligible"}	[17092,17093)
181	pause	{}	[17206,17207)
182	gap	{"reason": "unintelligible"}	[17363,17364)
183	pause	{}	[17400,17401)
184	pause	{}	[17557,17558)
185	pause	{}	[17561,17562)
186	pause	{}	[17576,17577)
187	pause	{}	[17596,17597)
188	pause	{}	[17712,17713)
189	pause	{}	[17738,17739)
190	pause	{}	[18051,18052)
191	pause	{}	[18129,18130)
192	pause	{}	[18171,18172)
193	pause	{}	[18224,18225)
194	pause	{}	[18281,18282)
195	gap	{"reason": "unintelligible"}	[18381,18382)
196	pause	{}	[18432,18433)
197	pause	{}	[18460,18461)
198	pause	{}	[18540,18541)
199	gap	{"reason": "unintelligible"}	[18549,18550)
200	pause	{}	[18627,18628)
201	gap	{"reason": "unintelligible"}	[18631,18632)
202	pause	{}	[18710,18711)
203	pause	{}	[18823,18824)
204	pause	{}	[18863,18864)
205	pause	{}	[18990,18991)
206	pause	{}	[19078,19079)
207	pause	{}	[19152,19153)
208	pause	{}	[19206,19207)
209	gap	{"reason": "unintelligible"}	[19225,19226)
210	gap	{"reason": "unintelligible"}	[19248,19249)
211	pause	{}	[19252,19253)
212	pause	{}	[19385,19386)
213	pause	{}	[19484,19485)
214	pause	{}	[19653,19654)
215	pause	{}	[19672,19673)
216	pause	{}	[19844,19845)
217	pause	{}	[19923,19924)
218	pause	{}	[19978,19979)
219	pause	{}	[20038,20039)
220	pause	{}	[20159,20160)
221	gap	{"reason": "unintelligible"}	[20308,20309)
222	gap	{"reason": "unintelligible"}	[20376,20377)
223	pause	{}	[20385,20386)
224	pause	{}	[20399,20400)
225	pause	{}	[20413,20414)
226	pause	{}	[20446,20447)
227	pause	{}	[20590,20591)
228	pause	{}	[21177,21178)
229	pause	{}	[21334,21335)
230	pause	{}	[21451,21452)
231	pause	{}	[21565,21566)
232	pause	{}	[21589,21590)
233	pause	{}	[21726,21727)
234	pause	{}	[21769,21770)
235	pause	{}	[21803,21804)
236	gap	{"reason": "unintelligible"}	[21821,21822)
237	pause	{}	[22212,22213)
238	pause	{}	[22232,22233)
239	pause	{}	[22243,22244)
240	pause	{}	[22275,22276)
241	pause	{}	[22330,22331)
242	pause	{}	[22384,22385)
243	pause	{}	[22425,22426)
244	pause	{}	[22448,22449)
245	gap	{"reason": "unintelligible"}	[22489,22490)
246	pause	{}	[22552,22553)
247	pause	{}	[22611,22612)
248	pause	{}	[22752,22753)
249	pause	{}	[22779,22780)
250	pause	{}	[22801,22802)
251	pause	{}	[23011,23012)
252	pause	{}	[23185,23186)
253	pause	{}	[23331,23332)
254	pause	{}	[23455,23456)
255	pause	{}	[23508,23509)
256	pause	{}	[23555,23556)
257	pause	{}	[23635,23636)
258	pause	{}	[23855,23856)
259	pause	{}	[23866,23867)
260	pause	{}	[23887,23888)
261	pause	{}	[23911,23912)
262	incident	{"description": "[unterbruch: kassettenwechsel?]"}	[23914,23915)
263	pause	{}	[23947,23948)
264	pause	{}	[23961,23962)
265	pause	{}	[24005,24006)
266	pause	{}	[24171,24172)
267	pause	{}	[24198,24199)
268	pause	{}	[24245,24246)
269	pause	{}	[24248,24249)
270	pause	{}	[24289,24290)
271	pause	{}	[24322,24323)
272	pause	{}	[24350,24351)
273	pause	{}	[24382,24383)
274	pause	{}	[24444,24445)
275	pause	{}	[24713,24714)
276	pause	{}	[24763,24764)
277	pause	{}	[24812,24813)
278	pause	{}	[24865,24866)
279	pause	{}	[25017,25018)
280	pause	{}	[25167,25168)
281	pause	{}	[25238,25239)
282	pause	{}	[25299,25300)
283	pause	{}	[25368,25369)
284	pause	{}	[25543,25544)
285	pause	{}	[25683,25684)
286	pause	{}	[25777,25778)
287	pause	{}	[25970,25971)
288	pause	{}	[26071,26072)
289	pause	{}	[26134,26135)
290	pause	{}	[26253,26254)
291	pause	{}	[26289,26290)
292	pause	{}	[26623,26624)
293	pause	{}	[26661,26662)
294	gap	{"reason": "unintelligible"}	[26797,26798)
295	pause	{}	[26828,26829)
296	pause	{}	[27224,27225)
297	pause	{}	[27254,27255)
298	pause	{}	[27267,27268)
299	pause	{}	[27329,27330)
300	gap	{"reason": "unintelligible"}	[27341,27342)
301	pause	{}	[27344,27345)
302	gap	{"reason": "unintelligible"}	[27416,27417)
303	gap	{"reason": "unintelligible"}	[27422,27423)
304	pause	{}	[27526,27527)
305	pause	{}	[27671,27672)
306	pause	{}	[27793,27794)
307	gap	{"reason": "unintelligible"}	[27850,27851)
308	pause	{}	[27855,27856)
309	gap	{"reason": "unintelligible"}	[27942,27943)
310	pause	{}	[27943,27944)
311	pause	{}	[27988,27989)
312	pause	{}	[28313,28314)
313	gap	{"reason": "unintelligible"}	[28331,28332)
314	pause	{}	[28342,28343)
315	pause	{}	[28517,28518)
316	gap	{"reason": "unintelligible"}	[28518,28519)
317	pause	{}	[28578,28579)
318	pause	{}	[28636,28637)
319	pause	{}	[28761,28762)
320	pause	{}	[28780,28781)
321	pause	{}	[28804,28805)
322	pause	{}	[28847,28848)
323	pause	{}	[28921,28922)
324	pause	{}	[29065,29066)
325	pause	{}	[29142,29143)
326	pause	{}	[29290,29291)
327	pause	{}	[29392,29393)
328	pause	{}	[29444,29445)
329	gap	{"reason": "unintelligible"}	[29478,29479)
330	pause	{}	[29483,29484)
331	pause	{}	[29533,29534)
332	gap	{"reason": "unintelligible"}	[29689,29690)
333	pause	{}	[29775,29776)
334	pause	{}	[29917,29918)
335	pause	{}	[29963,29964)
336	pause	{}	[30061,30062)
337	pause	{}	[30196,30197)
338	pause	{}	[30258,30259)
339	pause	{}	[30375,30376)
340	gap	{"reason": "unintelligible"}	[30675,30676)
341	pause	{}	[30792,30793)
342	pause	{}	[31040,31041)
343	pause	{}	[31134,31135)
344	pause	{}	[31329,31330)
345	pause	{}	[31338,31339)
346	pause	{}	[31432,31433)
347	pause	{}	[31754,31755)
348	gap	{"reason": "unintelligible"}	[31851,31852)
349	gap	{"reason": "unintelligible"}	[32007,32008)
350	pause	{}	[32090,32091)
351	pause	{}	[32237,32238)
352	pause	{}	[32361,32362)
353	pause	{}	[32390,32391)
354	pause	{}	[32455,32456)
355	pause	{}	[32485,32486)
356	pause	{}	[32512,32513)
357	pause	{}	[32544,32545)
358	pause	{}	[32583,32584)
359	pause	{}	[32750,32751)
360	gap	{"reason": "unintelligible"}	[32790,32791)
361	pause	{}	[32975,32976)
362	pause	{}	[33127,33128)
363	pause	{}	[33267,33268)
364	pause	{}	[33309,33310)
365	pause	{}	[33315,33316)
366	pause	{}	[33351,33352)
367	pause	{}	[33421,33422)
368	pause	{}	[33611,33612)
369	pause	{}	[33653,33654)
370	pause	{}	[33689,33690)
371	pause	{}	[33751,33752)
372	gap	{"reason": "unintelligible"}	[33848,33849)
373	pause	{}	[34045,34046)
374	pause	{}	[34230,34231)
375	pause	{}	[34265,34266)
376	pause	{}	[34402,34403)
377	pause	{}	[34666,34667)
378	pause	{}	[34697,34698)
379	pause	{}	[34716,34717)
380	gap	{"reason": "unintelligible"}	[34751,34752)
381	pause	{}	[35138,35139)
382	pause	{}	[35294,35295)
383	pause	{}	[35364,35365)
384	pause	{}	[35473,35474)
385	pause	{}	[35786,35787)
386	pause	{}	[35853,35854)
387	pause	{}	[35929,35930)
388	pause	{}	[35986,35987)
389	pause	{}	[36022,36023)
390	pause	{}	[36072,36073)
391	pause	{}	[36287,36288)
392	pause	{}	[36300,36301)
393	pause	{}	[36449,36450)
394	pause	{}	[36612,36613)
395	pause	{}	[36625,36626)
396	pause	{}	[36759,36760)
397	pause	{}	[36806,36807)
398	pause	{}	[36995,36996)
399	pause	{}	[37076,37077)
400	gap	{"reason": "unintelligible"}	[37122,37123)
401	gap	{"reason": "unintelligible"}	[37125,37126)
402	pause	{}	[37188,37189)
403	pause	{}	[37357,37358)
404	pause	{}	[37409,37410)
405	pause	{}	[37492,37493)
406	pause	{}	[37595,37596)
407	gap	{"reason": "unintelligible"}	[37658,37659)
408	pause	{}	[37752,37753)
409	pause	{}	[38049,38050)
410	pause	{}	[38059,38060)
411	pause	{}	[38117,38118)
412	pause	{}	[38120,38121)
413	pause	{}	[38282,38283)
414	pause	{}	[38474,38475)
415	pause	{}	[38600,38601)
416	pause	{}	[38643,38644)
417	pause	{}	[38689,38690)
418	pause	{}	[38735,38736)
419	gap	{"reason": "unintelligible"}	[38742,38743)
420	pause	{}	[38774,38775)
421	pause	{}	[38787,38788)
422	gap	{"reason": "unintelligible"}	[38978,38979)
423	pause	{}	[38979,38980)
424	gap	{"reason": "unintelligible"}	[38984,38985)
425	pause	{}	[39020,39021)
426	gap	{"reason": "unintelligible"}	[39024,39025)
427	pause	{}	[39112,39113)
428	pause	{}	[39153,39154)
429	pause	{}	[39232,39233)
430	pause	{}	[39238,39239)
431	gap	{"reason": "unintelligible"}	[39294,39295)
432	pause	{}	[39364,39365)
433	pause	{}	[39428,39429)
434	pause	{}	[39595,39596)
435	pause	{}	[39676,39677)
436	pause	{}	[39725,39726)
437	gap	{"reason": "unintelligible"}	[39813,39814)
438	pause	{}	[39839,39840)
439	pause	{}	[40060,40061)
440	pause	{}	[40175,40176)
441	pause	{}	[40220,40221)
442	pause	{}	[40298,40299)
443	pause	{}	[40497,40498)
444	pause	{}	[40523,40524)
445	pause	{}	[40590,40591)
446	pause	{}	[40642,40643)
447	pause	{}	[40704,40705)
448	pause	{}	[40767,40768)
449	pause	{}	[40801,40802)
450	pause	{}	[40844,40845)
451	pause	{}	[40854,40855)
452	pause	{}	[40992,40993)
453	pause	{}	[41007,41008)
454	pause	{}	[41197,41198)
455	pause	{}	[41289,41290)
456	pause	{}	[41393,41394)
457	pause	{}	[41405,41406)
458	pause	{}	[41464,41465)
459	pause	{}	[41631,41632)
460	pause	{}	[41702,41703)
461	pause	{}	[41838,41839)
462	pause	{}	[41931,41932)
463	pause	{}	[42095,42096)
464	pause	{}	[42257,42258)
465	pause	{}	[42261,42262)
466	pause	{}	[42299,42300)
467	gap	{"reason": "unintelligible"}	[42718,42719)
468	pause	{}	[43108,43109)
469	pause	{}	[43177,43178)
470	gap	{"reason": "unintelligible"}	[43372,43373)
471	pause	{}	[43584,43585)
472	pause	{}	[43654,43655)
473	gap	{"reason": "unintelligible"}	[43685,43686)
474	pause	{}	[43717,43718)
475	pause	{}	[43720,43721)
476	pause	{}	[43768,43769)
477	pause	{}	[43870,43871)
478	pause	{}	[43910,43911)
479	pause	{}	[43928,43929)
480	pause	{}	[43970,43971)
481	pause	{}	[43981,43982)
482	pause	{}	[44001,44002)
483	pause	{}	[44541,44542)
484	pause	{}	[44645,44646)
485	pause	{}	[44714,44715)
486	pause	{}	[44843,44844)
487	gap	{"reason": "unintelligible"}	[44893,44894)
488	pause	{}	[44961,44962)
489	pause	{}	[44978,44979)
490	pause	{}	[45013,45014)
491	pause	{}	[45158,45159)
492	pause	{}	[45290,45291)
493	gap	{"reason": "unintelligible"}	[45497,45498)
494	pause	{}	[45570,45571)
495	pause	{}	[45712,45713)
496	gap	{"reason": "unintelligible"}	[45715,45716)
497	pause	{}	[45873,45874)
498	pause	{}	[46338,46339)
499	pause	{}	[46386,46387)
500	pause	{}	[46389,46390)
501	pause	{}	[46919,46920)
502	pause	{}	[47176,47177)
503	pause	{}	[47203,47204)
504	pause	{}	[47216,47217)
505	pause	{}	[47454,47455)
506	pause	{}	[47543,47544)
507	pause	{}	[47631,47632)
508	pause	{}	[47664,47665)
509	pause	{}	[47760,47761)
510	pause	{}	[47816,47817)
511	pause	{}	[47879,47880)
512	pause	{}	[47917,47918)
513	pause	{}	[48401,48402)
514	pause	{}	[48409,48410)
515	pause	{}	[48525,48526)
516	pause	{}	[48705,48706)
517	gap	{"reason": "unintelligible"}	[48884,48885)
518	pause	{}	[48885,48886)
519	pause	{}	[49131,49132)
520	pause	{}	[49309,49310)
521	pause	{}	[49314,49315)
522	pause	{}	[49749,49750)
523	pause	{}	[49771,49772)
524	pause	{}	[50461,50462)
525	pause	{}	[50542,50543)
526	gap	{"reason": "unintelligible"}	[50822,50823)
527	pause	{}	[51132,51133)
528	pause	{}	[51250,51251)
529	pause	{}	[51269,51270)
530	pause	{}	[51465,51466)
531	pause	{}	[51517,51518)
532	pause	{}	[51527,51528)
533	pause	{}	[51973,51974)
534	pause	{}	[52021,52022)
535	pause	{}	[52044,52045)
536	pause	{}	[52206,52207)
537	pause	{}	[52225,52226)
538	pause	{}	[52230,52231)
539	pause	{}	[52273,52274)
540	pause	{}	[52659,52660)
541	pause	{}	[52680,52681)
542	pause	{}	[52836,52837)
543	pause	{}	[52911,52912)
544	pause	{}	[53016,53017)
545	pause	{}	[53120,53121)
546	pause	{}	[53405,53406)
547	gap	{"reason": "unintelligible"}	[53516,53517)
548	pause	{}	[54029,54030)
549	pause	{}	[54153,54154)
550	pause	{}	[54547,54548)
551	pause	{}	[54893,54894)
552	pause	{}	[54911,54912)
553	pause	{}	[54924,54925)
554	pause	{}	[54944,54945)
555	pause	{}	[55268,55269)
556	pause	{}	[55532,55533)
557	pause	{}	[55536,55537)
558	pause	{}	[55556,55557)
559	pause	{}	[55572,55573)
560	pause	{}	[56496,56497)
561	pause	{}	[56945,56946)
562	pause	{}	[57174,57175)
563	pause	{}	[57517,57518)
564	pause	{}	[58255,58256)
565	pause	{}	[58311,58312)
566	pause	{}	[58663,58664)
567	pause	{}	[58787,58788)
568	gap	{"reason": "unintelligible"}	[58910,58911)
569	pause	{}	[59027,59028)
570	pause	{}	[59052,59053)
571	gap	{"reason": "unintelligible"}	[59121,59122)
572	pause	{}	[59268,59269)
573	gap	{"reason": "unintelligible"}	[59725,59726)
574	pause	{}	[59779,59780)
575	pause	{}	[60051,60052)
576	gap	{"reason": "unintelligible"}	[60229,60230)
577	pause	{}	[60307,60308)
578	pause	{}	[60379,60380)
579	pause	{}	[60391,60392)
580	gap	{"reason": "unintelligible"}	[60794,60795)
581	pause	{}	[60853,60854)
582	pause	{}	[60923,60924)
583	gap	{"reason": "unintelligible"}	[60962,60963)
584	pause	{}	[61110,61111)
585	gap	{"reason": "unintelligible"}	[61164,61165)
586	pause	{}	[61175,61176)
587	gap	{"reason": "unintelligible"}	[61286,61287)
588	pause	{}	[61403,61404)
589	pause	{}	[61651,61652)
590	pause	{}	[61690,61691)
591	pause	{}	[61722,61723)
592	pause	{}	[61967,61968)
593	gap	{"reason": "unintelligible"}	[61980,61981)
594	pause	{}	[62026,62027)
595	pause	{}	[62041,62042)
596	pause	{}	[62186,62187)
597	pause	{}	[62377,62378)
598	pause	{}	[62864,62865)
599	pause	{}	[63116,63117)
600	pause	{}	[63286,63287)
601	pause	{}	[63414,63415)
602	pause	{}	[63420,63421)
603	pause	{}	[63616,63617)
604	pause	{}	[63696,63697)
605	pause	{}	[63753,63754)
606	pause	{}	[63847,63848)
607	pause	{}	[63894,63895)
608	pause	{}	[63986,63987)
609	pause	{}	[64014,64015)
610	gap	{"reason": "unintelligible"}	[64321,64322)
611	gap	{"reason": "unintelligible"}	[64411,64412)
612	gap	{"reason": "unintelligible"}	[64530,64531)
613	pause	{}	[64539,64540)
614	gap	{"reason": "unintelligible"}	[64731,64732)
615	gap	{"reason": "unintelligible"}	[64776,64777)
616	pause	{}	[64875,64876)
617	pause	{}	[64918,64919)
618	pause	{}	[64942,64943)
619	gap	{"reason": "unintelligible"}	[65012,65013)
620	pause	{}	[65022,65023)
621	pause	{}	[65121,65122)
622	pause	{}	[65313,65314)
623	pause	{}	[65332,65333)
624	pause	{}	[65464,65465)
625	pause	{}	[65634,65635)
626	pause	{}	[65941,65942)
627	pause	{}	[65999,66000)
628	pause	{}	[66116,66117)
629	gap	{"reason": "unintelligible"}	[66465,66466)
630	pause	{}	[66625,66626)
631	pause	{}	[66652,66653)
632	pause	{}	[66790,66791)
633	gap	{"reason": "unintelligible"}	[66849,66850)
634	pause	{}	[67017,67018)
635	pause	{}	[67025,67026)
636	pause	{}	[67140,67141)
637	pause	{}	[67169,67170)
638	pause	{}	[67489,67490)
639	pause	{}	[67975,67976)
640	pause	{}	[68015,68016)
641	pause	{}	[68365,68366)
642	pause	{}	[68451,68452)
643	pause	{}	[68621,68622)
644	pause	{}	[68624,68625)
645	pause	{}	[68637,68638)
646	gap	{"reason": "unintelligible"}	[68688,68689)
647	pause	{}	[68992,68993)
648	pause	{}	[69232,69233)
649	pause	{}	[69279,69280)
650	pause	{}	[69379,69380)
651	pause	{}	[69474,69475)
652	pause	{}	[69883,69884)
653	pause	{}	[69946,69947)
654	pause	{}	[70013,70014)
655	pause	{}	[70122,70123)
656	pause	{}	[70151,70152)
657	pause	{}	[70260,70261)
658	pause	{}	[70406,70407)
659	pause	{}	[70426,70427)
660	pause	{}	[70513,70514)
661	pause	{}	[70631,70632)
662	pause	{}	[70736,70737)
663	pause	{}	[70809,70810)
664	gap	{"reason": "unintelligible"}	[71184,71185)
665	pause	{}	[71196,71197)
666	pause	{}	[71386,71387)
667	pause	{}	[71712,71713)
668	pause	{}	[71733,71734)
669	pause	{}	[71809,71810)
670	pause	{}	[71983,71984)
671	pause	{}	[72010,72011)
672	gap	{"reason": "unintelligible"}	[72462,72463)
673	pause	{}	[72579,72580)
674	pause	{}	[72743,72744)
675	pause	{}	[72854,72855)
676	pause	{}	[73000,73001)
677	pause	{}	[73025,73026)
678	pause	{}	[73261,73262)
679	pause	{}	[73423,73424)
680	pause	{}	[73440,73441)
681	pause	{}	[73548,73549)
682	pause	{}	[73614,73615)
683	pause	{}	[73669,73670)
684	pause	{}	[73776,73777)
685	pause	{}	[73901,73902)
686	pause	{}	[73942,73943)
687	gap	{"reason": "unintelligible"}	[74006,74007)
688	pause	{}	[74020,74021)
689	pause	{}	[74333,74334)
690	pause	{}	[74365,74366)
691	pause	{}	[74388,74389)
692	pause	{}	[74459,74460)
693	gap	{"reason": "unintelligible"}	[74670,74671)
694	pause	{}	[74678,74679)
695	pause	{}	[74753,74754)
696	pause	{}	[74885,74886)
697	pause	{}	[75033,75034)
698	pause	{}	[75051,75052)
699	pause	{}	[75374,75375)
700	pause	{}	[75754,75755)
701	pause	{}	[75770,75771)
702	gap	{"reason": "unintelligible"}	[75771,75772)
703	pause	{}	[75782,75783)
704	pause	{}	[75949,75950)
705	pause	{}	[76095,76096)
706	pause	{}	[76137,76138)
707	pause	{}	[76288,76289)
708	pause	{}	[76746,76747)
709	pause	{}	[76816,76817)
710	pause	{}	[76948,76949)
711	pause	{}	[77010,77011)
712	pause	{}	[77399,77400)
713	gap	{"reason": "unintelligible"}	[77427,77428)
714	pause	{}	[77428,77429)
715	gap	{"reason": "unintelligible"}	[77439,77440)
716	pause	{}	[77474,77475)
717	gap	{"reason": "unintelligible"}	[77584,77585)
718	pause	{}	[77590,77591)
719	gap	{"reason": "unintelligible"}	[77594,77595)
720	pause	{}	[77794,77795)
721	pause	{}	[77821,77822)
722	pause	{}	[78084,78085)
723	pause	{}	[78474,78475)
724	pause	{}	[78829,78830)
725	pause	{}	[78858,78859)
726	pause	{}	[78862,78863)
727	pause	{}	[78922,78923)
728	pause	{}	[78957,78958)
729	gap	{"reason": "unintelligible"}	[79074,79075)
730	pause	{}	[79139,79140)
731	pause	{}	[79146,79147)
732	pause	{}	[79156,79157)
733	gap	{"reason": "unintelligible"}	[79234,79235)
734	pause	{}	[79270,79271)
735	pause	{}	[79523,79524)
736	pause	{}	[79708,79709)
737	pause	{}	[79783,79784)
738	pause	{}	[79891,79892)
739	pause	{}	[79927,79928)
740	pause	{}	[80027,80028)
741	pause	{}	[80068,80069)
742	gap	{"reason": "unintelligible"}	[80069,80070)
743	pause	{}	[80213,80214)
744	pause	{}	[80281,80282)
745	gap	{"reason": "unintelligible"}	[80487,80488)
746	pause	{}	[80502,80503)
747	pause	{}	[80576,80577)
748	pause	{}	[80701,80702)
749	gap	{"reason": "unintelligible"}	[80724,80725)
750	pause	{}	[80761,80762)
751	pause	{}	[80817,80818)
752	pause	{}	[80857,80858)
753	pause	{}	[80969,80970)
754	pause	{}	[81125,81126)
755	pause	{}	[81495,81496)
756	pause	{}	[81542,81543)
757	pause	{}	[81674,81675)
758	pause	{}	[82208,82209)
759	pause	{}	[82248,82249)
760	pause	{}	[82261,82262)
761	pause	{}	[82342,82343)
762	pause	{}	[82382,82383)
763	pause	{}	[82427,82428)
764	gap	{"reason": "unintelligible"}	[82756,82757)
765	pause	{}	[82757,82758)
766	pause	{}	[82774,82775)
767	pause	{}	[82807,82808)
768	pause	{}	[82997,82998)
769	pause	{}	[83089,83090)
770	pause	{}	[83130,83131)
771	pause	{}	[83191,83192)
772	pause	{}	[83224,83225)
773	pause	{}	[83640,83641)
774	pause	{}	[83652,83653)
775	pause	{}	[83737,83738)
776	pause	{}	[84079,84080)
777	pause	{}	[84283,84284)
778	gap	{"reason": "unintelligible"}	[84291,84292)
779	gap	{"reason": "unintelligible"}	[84683,84684)
780	pause	{}	[84949,84950)
781	pause	{}	[85146,85147)
782	pause	{}	[85426,85427)
783	pause	{}	[85677,85678)
784	pause	{}	[85862,85863)
785	gap	{"reason": "unintelligible"}	[85992,85993)
786	pause	{}	[86089,86090)
787	pause	{}	[86097,86098)
788	pause	{}	[86122,86123)
789	pause	{}	[86166,86167)
790	pause	{}	[86366,86367)
791	pause	{}	[86451,86452)
792	pause	{}	[86829,86830)
793	gap	{"reason": "unintelligible"}	[86875,86876)
794	pause	{}	[86946,86947)
795	pause	{}	[87134,87135)
796	pause	{}	[87394,87395)
797	pause	{}	[87701,87702)
798	pause	{}	[87712,87713)
799	pause	{}	[87719,87720)
800	pause	{}	[88251,88252)
801	pause	{}	[88256,88257)
802	gap	{"reason": "unintelligible"}	[88261,88262)
803	pause	{}	[88262,88263)
804	gap	{"reason": "unintelligible"}	[88271,88272)
805	gap	{"reason": "unintelligible"}	[88376,88377)
806	gap	{"reason": "unintelligible"}	[88413,88414)
807	gap	{"reason": "unintelligible"}	[88490,88491)
808	gap	{"reason": "unintelligible"}	[88500,88501)
809	pause	{}	[88513,88514)
810	pause	{}	[88535,88536)
811	gap	{"reason": "unintelligible"}	[88543,88544)
812	gap	{"reason": "unintelligible"}	[88544,88545)
813	gap	{"reason": "unintelligible"}	[88586,88587)
814	pause	{}	[88627,88628)
815	gap	{"reason": "unintelligible"}	[88628,88629)
816	pause	{}	[88629,88630)
817	pause	{}	[88716,88717)
818	pause	{}	[88742,88743)
819	pause	{}	[89059,89060)
820	pause	{}	[89204,89205)
821	pause	{}	[89282,89283)
822	pause	{}	[89350,89351)
823	pause	{}	[89505,89506)
824	gap	{"reason": "unintelligible"}	[89541,89542)
825	pause	{}	[89558,89559)
826	pause	{}	[89581,89582)
827	pause	{}	[89598,89599)
828	pause	{}	[89653,89654)
829	pause	{}	[89765,89766)
830	gap	{"reason": "unintelligible"}	[89771,89772)
831	pause	{}	[89783,89784)
832	pause	{}	[89822,89823)
833	pause	{}	[89829,89830)
834	pause	{}	[89866,89867)
835	pause	{}	[89918,89919)
836	pause	{}	[89921,89922)
837	gap	{"reason": "unintelligible"}	[89977,89978)
838	pause	{}	[89984,89985)
839	gap	{"reason": "unintelligible"}	[89985,89986)
840	pause	{}	[90008,90009)
841	gap	{"reason": "unintelligible"}	[90017,90018)
842	pause	{}	[90023,90024)
843	pause	{}	[90051,90052)
844	pause	{}	[90097,90098)
845	pause	{}	[90104,90105)
846	gap	{"reason": "unintelligible"}	[90227,90228)
847	pause	{}	[90231,90232)
848	pause	{}	[90296,90297)
849	pause	{}	[90309,90310)
850	pause	{}	[90328,90329)
851	pause	{}	[90331,90332)
852	pause	{}	[90353,90354)
853	pause	{}	[90365,90366)
854	pause	{}	[90404,90405)
855	pause	{}	[90413,90414)
856	gap	{"reason": "unintelligible"}	[90458,90459)
857	pause	{}	[90567,90568)
858	gap	{"reason": "unintelligible"}	[90590,90591)
859	pause	{}	[90704,90705)
860	pause	{}	[90721,90722)
861	gap	{"reason": "unintelligible"}	[90846,90847)
862	pause	{}	[90854,90855)